<Ui xmlns="http://www.blizzard.com/wow/ui/" xmlns:xsi="http://www.w3.org/2001/XMLSchema-instance" xsi:schemaLocation="http://www.blizzard.com/wow/ui/ 
..\..\FrameXML\UI.xsd">
  <Script file="WebDKP.lua"/>
  <!-- ================================================
       TEMPLATES 
       =================================================-->
  <!-- Defines a button template for all the buttons in the player list. This is 
  defined here so that these parameters don't need to be redefined for each button -->
  <Button name = "NameEntryTemplate" text="entry" virtual="true" >
    <Size>
      <AbsDimension x="150" y="16" />
    </Size>
  </Button>

  <!-- Defines a template for the log headers -->
  <Button name="WebDKP_LogTabTemplate" virtual="true">
    <Layers>
      <Layer level="BACKGROUND">
        <Texture name="$parentBackground">
          <Anchors>
            <Anchor point="TOPLEFT"/>
            <Anchor point="BOTTOMRIGHT"/>
          </Anchors>
          <Color r="1" g="1" b="1" a="1"/>
        </Texture>
      </Layer>
    </Layers>
    <Scripts>
      <OnLoad>
        getglobal(this:GetName() .. "Background"):SetVertexColor(.7, .7, .7, 0.5);
      </OnLoad>
      <OnEnter>
        getglobal(this:GetName() .. "Background"):SetVertexColor(0.5, 0.5, 0.5, 0.5);
      </OnEnter>
      <OnLeave>
        getglobal(this:GetName() .. "Background"):SetVertexColor(.7, .7, .7, 0.5);
      </OnLeave>
    </Scripts>
  </Button>
  
  <!-- Defines a template for a tab-->
  <Button name="WebDKP_TabTemplate" inherits="CharacterFrameTabButtonTemplate" virtual="true">
    <Size>
      <AbsDimension x="115" y="32"/>
    </Size>
    <Scripts>
      <OnClick>
        WebDKP_Tab_OnClick();
      </OnClick>
    </Scripts>
  </Button>

  <!-- Define a template for a dkp entry -->
  <Frame name="WebDKP_DKPLogLineTemplate" virtual="true">
    <Size>
      <AbsDimension x="305" y="20"/>
    </Size>
    <Layers>
      <Layer level="BACKGROUND">
        <Texture name="$parentBackground">
          <Anchors>
            <Anchor point="TOPLEFT"/>
            <Anchor point="BOTTOMRIGHT"/>
          </Anchors>
          <Color r="1" g="1" b="1" a="1"/>
        </Texture>
      </Layer>
      <Layer level="ARTWORK">
        <FontString name="$parentName" inherits="ChatFontNormal" text="">
          <Anchors>
            <Anchor point="LEFT">
              <Offset>
                <AbsDimension x="0" y="0"/>
              </Offset>
            </Anchor>
          </Anchors>
        </FontString>
        <FontString name="$parentClass" inherits="ChatFontNormal" text="">
          <Anchors>
            <Anchor point="LEFT">
              <Offset>
                <AbsDimension x="120" y="0"/>
              </Offset>
            </Anchor>
          </Anchors>
        </FontString>
        <FontString name="$parentDKP" inherits="ChatFontNormal" text="">
          <Anchors>
            <Anchor point="LEFT">
              <Offset>
                <AbsDimension x="200" y="0"/>
              </Offset>
            </Anchor>
          </Anchors>
        </FontString>
        <FontString name="$parentTier" inherits="ChatFontNormal" text="">
          <Anchors>
            <Anchor point="LEFT">
              <Offset>
                <AbsDimension x="265" y="0"/>
              </Offset>
            </Anchor>
          </Anchors>
        </FontString>
      </Layer>
    </Layers>
    <Scripts>
      <OnLoad>
        getglobal(this:GetName() .. "Background"):SetVertexColor(0, 0, 0, 0);
      </OnLoad>
      <OnEnter>
        WebDKP_HandleMouseOver();
      </OnEnter>
      <OnLeave>
        WebDKP_HandleMouseLeave();
      </OnLeave>
      <OnMouseDown>
        WebDKP_SelectPlayerToggle();
      </OnMouseDown>
    </Scripts>
  </Frame>
  
  <!-- Defines an edit box template. This template is used for all the input boxes in the form.  -->
  <EditBox name="WebDKPEditBoxTemplate" letters="80" virtual="true">
    <Layers>
      <Layer level="BACKGROUND">
        <Texture file="Interface\ChatFrame\UI-ChatInputBorder-Left">
          <Size>
            <AbsDimension x="75" y="32"></AbsDimension>
          </Size>
          <Anchors>
            <Anchor point="LEFT">
              <Offset>
                <AbsDimension x="-10" y="0"></AbsDimension>
              </Offset>
            </Anchor>
          </Anchors>
          <TexCoords left="0" right="0.2" top="0" bottom="1.0"></TexCoords>
        </Texture>
        <Texture file="Interface\ChatFrame\UI-ChatInputBorder-Right">
          <Size>
            <AbsDimension x="75" y="32"></AbsDimension>
          </Size>
          <Anchors>
            <Anchor point="RIGHT">
              <Offset>
                <AbsDimension x="10" y="0"></AbsDimension>
              </Offset>
            </Anchor>
          </Anchors>
          <TexCoords left="0.7" right="1.0" top="0" bottom="1.0"></TexCoords>
        </Texture>
      </Layer>
    </Layers>
    <FontString inherits="ChatFontNormal"></FontString>
  </EditBox>


  <!-- ================================================
       MAIN FRAME
       =================================================-->
  <Frame name="WebDKP_Frame" toplevel="true" parent="UIParent" movable="true" hidden="true">
    <!-- EVENT HANDLERS FOR THE MASTER FRAME -->
    <Scripts>
      <OnMouseDown>
        this:StartMoving();
      </OnMouseDown>
      <OnMouseUp>
        this:StopMovingOrSizing();
      </OnMouseUp>
      <OnLoad>
        WebDKP_OnLoad();
      </OnLoad>
      <OnEvent>
        WebDKP_OnEvent();
      </OnEvent>
    </Scripts>
    <Size>
      <AbsDimension x="650" y="500"/>
    </Size>
    <Anchors>
      <Anchor point="LEFT"/>
    </Anchors>
    <Backdrop bgFile="Interface\TutorialFrame\TutorialFrameBackground" edgeFile="Interface\Tooltips\UI-Tooltip-Border" tile="true">
      <EdgeSize>
        <AbsValue val="16"/>
      </EdgeSize>
      <TileSize>
        <AbsValue val="16"/>
      </TileSize>
      <BackgroundInsets>
        <AbsInset left="5" right="5" top="5" bottom="5"/>
      </BackgroundInsets>
    </Backdrop>

    <!-- HEADER / ADDON TITLE-->
    <Layers>
      <Layer level="OVERLAY">
        <!-- DKP TABLE TITLE -->
        <FontString name="WebDKP_Header" inherits="GameFontNormalLarge" text="DKP Table">
          <Anchors>
            <Anchor point="TOPLEFT" >
              <Offset>
                <AbsDimension x="12" y="-25"/>
              </Offset>
            </Anchor>
          </Anchors>
        </FontString>
      </Layer>
      <Layer level="ARTWORK">
        <Texture name="$parentHeaderTexture" file="Interface\DialogFrame\UI-DialogBox-Header">
          <Size>
            <AbsDimension x="300" y="64"/>
          </Size>
          <Anchors>
            <Anchor point="TOP">
              <Offset>
                <AbsDimension x="0" y="12"/>
              </Offset>
            </Anchor>
          </Anchors>
        </Texture>
        <FontString name="$parentTitle" inherits="GameFontNormal" text="WebDKP v2.0">
          <Anchors>
            <Anchor point="TOP" relativeTo="$parentHeaderTexture">
              <Offset>
                <AbsDimension x="0" y="-14"/>
              </Offset>
            </Anchor>
          </Anchors>
        </FontString>
        <FontString name="$parentRecordingText" inherits="GameFontNormal">
          <Anchors>
            <Anchor point="TOP">
              <Offset>
                <AbsDimension x="0" y="-505"/>
              </Offset>
            </Anchor>
          </Anchors>
        </FontString>
      </Layer>
    </Layers>
    <!-- FRAMES (contains all gui elements -->
    <Frames>

      <!-- DKP TABLE COLUMN NAMES -->
      <Button name="$parentName" inherits="WebDKP_LogTabTemplate">
        <Anchors>
          <Anchor point="TOPLEFT">
            <Offset>
              <AbsDimension x="12" y="-45"/>
            </Offset>
          </Anchor>
        </Anchors>
        <Size>
          <AbsDimension x="120" y="24"/>
        </Size>
        <Scripts>
          <OnClick>
            PlaySound("igMainMenuOptionCheckBoxOn");
            WebDPK2_SortBy(1);
          </OnClick>
        </Scripts>
        <NormalText inherits="GameFontNormal" text="Name">
          <Anchors>
            <Anchor point="LEFT">
              <Offset>
                <AbsDimension x="8" y="0"/>
              </Offset>
            </Anchor>
          </Anchors>
        </NormalText>
      </Button>
      <Button name="$parentClass" inherits="WebDKP_LogTabTemplate">
        <Anchors>
          <Anchor point="TOPLEFT" relativePoint="TOPRIGHT" relativeTo="$parentName">
            <Offset>
              <AbsDimension x="0" y="0"/>
            </Offset>
          </Anchor>
        </Anchors>
        <Size>
          <AbsDimension x="70" y="24"/>
        </Size>
        <Scripts>
          <OnClick>
            PlaySound("igMainMenuOptionCheckBoxOn");
            WebDPK2_SortBy(2);
          </OnClick>
        </Scripts>
        <NormalText inherits="GameFontNormal" text="Class">
          <Anchors>
            <Anchor point="LEFT">
              <Offset>
                <AbsDimension x="8" y="0"/>
              </Offset>
            </Anchor>
          </Anchors>
        </NormalText>
      </Button>
      <Button name="$parentDKP" inherits="WebDKP_LogTabTemplate">
        <Anchors>
          <Anchor point="TOPLEFT" relativePoint="TOPRIGHT" relativeTo="$parentClass">
            <Offset>
              <AbsDimension x="0" y="0"/>
            </Offset>
          </Anchor>
        </Anchors>
        <Size>
          <AbsDimension x="70" y="24"/>
        </Size>
        <Scripts>
          <OnClick>
            PlaySound("igMainMenuOptionCheckBoxOn");
            WebDPK2_SortBy(3);
          </OnClick>
        </Scripts>
        <NormalText inherits="GameFontNormal" text="DKP">
          <Anchors>
            <Anchor point="LEFT">
              <Offset>
                <AbsDimension x="8" y="0"/>
              </Offset>
            </Anchor>
          </Anchors>
        </NormalText>
      </Button>
      <Button name="$parentTier" inherits="WebDKP_LogTabTemplate">
        <Anchors>
          <Anchor point="TOPLEFT" relativePoint="TOPRIGHT" relativeTo="$parentDKP">
            <Offset>
              <AbsDimension x="0" y="0"/>
            </Offset>
          </Anchor>
        </Anchors>
        <Size>
          <AbsDimension x="45" y="24"/>
        </Size>
        <Scripts>
          <OnClick>
            PlaySound("igMainMenuOptionCheckBoxOn");
            WebDPK2_SortBy(4);
          </OnClick>
        </Scripts>
        <NormalText inherits="GameFontNormal" text="Tier">
          <Anchors>
            <Anchor point="LEFT">
              <Offset>
                <AbsDimension x="8" y="0"/>
              </Offset>
            </Anchor>
          </Anchors>
        </NormalText>
      </Button>
      <!-- DKP TABLE SCROLL FRAME -->
      <ScrollFrame name="$parentScrollFrame" inherits="FauxScrollFrameTemplate" hidden="false">
        <Size>
          <AbsDimension x="305" y="405"/>
        </Size>
        <Anchors>
          <Anchor point="TOPLEFT">
            <Offset>
              <AbsDimension x="12" y="-70"/>
            </Offset>
          </Anchor>
        </Anchors>
        <Scripts>
          <OnVerticalScroll>

            FauxScrollFrame_OnVerticalScroll(20, WebDKP_UpdateTable);
          </OnVerticalScroll>
          <OnShow>
            WebDKP_UpdateTable()
          </OnShow>
        </Scripts>
        <Layers>
          <Layer level="BACKGROUND">
            <Texture name="$parentBackground" setAllPoints="true">
              <Color r=".2" g=".2" b=".2" a="0.5" />
            </Texture>
          </Layer>
        </Layers>

      </ScrollFrame>
      <!-- DKP TABLE LINE ENTRIES -->
      <Frame name="$parentLine1" inherits="WebDKP_DKPLogLineTemplate" id="1">
        <Anchors>
          <Anchor point="TOPLEFT">
            <Offset>
              <AbsDimension x="12" y="-70"/>
            </Offset>
          </Anchor>
        </Anchors>
      </Frame>
      <Frame name="$parentLine2" inherits="WebDKP_DKPLogLineTemplate" id="2">
        <Anchors>
          <Anchor point="TOPLEFT" relativePoint="BOTTOMLEFT" relativeTo="$parentLine1"/>
        </Anchors>
      </Frame>
      <Frame name="$parentLine3" inherits="WebDKP_DKPLogLineTemplate" id="3">
        <Anchors>
          <Anchor point="TOPLEFT" relativePoint="BOTTOMLEFT" relativeTo="$parentLine2"/>
        </Anchors>
      </Frame>
      <Frame name="$parentLine4" inherits="WebDKP_DKPLogLineTemplate" id="4">
        <Anchors>
          <Anchor point="TOPLEFT" relativePoint="BOTTOMLEFT" relativeTo="$parentLine3"/>
        </Anchors>
      </Frame>
      <Frame name="$parentLine5" inherits="WebDKP_DKPLogLineTemplate" id="5">
        <Anchors>
          <Anchor point="TOPLEFT" relativePoint="BOTTOMLEFT" relativeTo="$parentLine4"/>
        </Anchors>
      </Frame>
      <Frame name="$parentLine6" inherits="WebDKP_DKPLogLineTemplate" id="6">
        <Anchors>
          <Anchor point="TOPLEFT" relativePoint="BOTTOMLEFT" relativeTo="$parentLine5"/>
        </Anchors>
      </Frame>
      <Frame name="$parentLine7" inherits="WebDKP_DKPLogLineTemplate" id="7">
        <Anchors>
          <Anchor point="TOPLEFT" relativePoint="BOTTOMLEFT" relativeTo="$parentLine6"/>
        </Anchors>
      </Frame>
      <Frame name="$parentLine8" inherits="WebDKP_DKPLogLineTemplate" id="8">
        <Anchors>
          <Anchor point="TOPLEFT" relativePoint="BOTTOMLEFT" relativeTo="$parentLine7"/>
        </Anchors>
      </Frame>
      <Frame name="$parentLine9" inherits="WebDKP_DKPLogLineTemplate" id="9">
        <Anchors>
          <Anchor point="TOPLEFT" relativePoint="BOTTOMLEFT" relativeTo="$parentLine8"/>
        </Anchors>
      </Frame>
      <Frame name="$parentLine10" inherits="WebDKP_DKPLogLineTemplate" id="10">
        <Anchors>
          <Anchor point="TOPLEFT" relativePoint="BOTTOMLEFT" relativeTo="$parentLine9"/>
        </Anchors>
      </Frame>
      <Frame name="$parentLine11" inherits="WebDKP_DKPLogLineTemplate" id="11">
        <Anchors>
          <Anchor point="TOPLEFT" relativePoint="BOTTOMLEFT" relativeTo="$parentLine10"/>
        </Anchors>
      </Frame>
      <Frame name="$parentLine12" inherits="WebDKP_DKPLogLineTemplate" id="12">
        <Anchors>
          <Anchor point="TOPLEFT" relativePoint="BOTTOMLEFT" relativeTo="$parentLine11"/>
        </Anchors>
      </Frame>
      <Frame name="$parentLine13" inherits="WebDKP_DKPLogLineTemplate" id="13">
        <Anchors>
          <Anchor point="TOPLEFT" relativePoint="BOTTOMLEFT" relativeTo="$parentLine12"/>
        </Anchors>
      </Frame>
      <Frame name="$parentLine14" inherits="WebDKP_DKPLogLineTemplate" id="14">
        <Anchors>
          <Anchor point="TOPLEFT" relativePoint="BOTTOMLEFT" relativeTo="$parentLine13"/>
        </Anchors>
      </Frame>
      <Frame name="$parentLine15" inherits="WebDKP_DKPLogLineTemplate" id="15">
        <Anchors>
          <Anchor point="TOPLEFT" relativePoint="BOTTOMLEFT" relativeTo="$parentLine14"/>
        </Anchors>
      </Frame>
      <Frame name="$parentLine16" inherits="WebDKP_DKPLogLineTemplate" id="16">
        <Anchors>
          <Anchor point="TOPLEFT" relativePoint="BOTTOMLEFT" relativeTo="$parentLine15"/>
        </Anchors>
      </Frame>
      <Frame name="$parentLine17" inherits="WebDKP_DKPLogLineTemplate" id="17">
        <Anchors>
          <Anchor point="TOPLEFT" relativePoint="BOTTOMLEFT" relativeTo="$parentLine16"/>
        </Anchors>
      </Frame>
      <Frame name="$parentLine18" inherits="WebDKP_DKPLogLineTemplate" id="18">
        <Anchors>
          <Anchor point="TOPLEFT" relativePoint="BOTTOMLEFT" relativeTo="$parentLine17"/>
        </Anchors>
      </Frame>
      <Frame name="$parentLine19" inherits="WebDKP_DKPLogLineTemplate" id="19">
        <Anchors>
          <Anchor point="TOPLEFT" relativePoint="BOTTOMLEFT" relativeTo="$parentLine18"/>
        </Anchors>
      </Frame>
      <Frame name="$parentLine20" inherits="WebDKP_DKPLogLineTemplate" id="20">
        <Anchors>
          <Anchor point="TOPLEFT" relativePoint="BOTTOMLEFT" relativeTo="$parentLine19"/>
        </Anchors>
      </Frame>


      <!-- Close Button -->
      <Button name="$parentCloseButton" hidden="false">
        <Size>
          <AbsDimension x="42" y="42"/>
        </Size>
        <Anchors>
          <Anchor point="TOPRIGHT">
            <Offset>
              <AbsDimension x="-5" y="-5"/>
            </Offset>
          </Anchor>
        </Anchors>
        <Scripts>
          <OnClick>
            HideUIPanel(this:GetParent());
          </OnClick>
        </Scripts>
        <NormalTexture file="Interface\Buttons\UI-Panel-MinimizeButton-Up"/>
        <PushedTexture file="Interface\Buttons\UI-Panel-MinimizeButton-Down"/>
        <HighlightTexture file="Interface\Buttons\UI-Panel-MinimizeButton-Highlight" alphaMode="ADD"/>
      </Button>

      <!-- Select All Button -->
      <Button name="$parentSelectAll" inherits="OptionsButtonTemplate" text="Select All">
        <Anchors>
          <Anchor point="TOPLEFT" relativePoint="BOTTOMLEFT">
            <Offset>
              <AbsDimension x="360" y="80"/>
            </Offset>
          </Anchor>
        </Anchors>
        <Size>
          <AbsDimension x="120" y="25"/>
        </Size>
        <Scripts>
          <OnClick>
            WebDKP_SelectAll();
          </OnClick>
        </Scripts>
      </Button>
      <!-- Deselect All Button-->
      <Button name="$parentDeselectAll" inherits="OptionsButtonTemplate" text="Deselect All">
        <Anchors>
          <Anchor point="TOPLEFT" relativePoint="TOPRIGHT" relativeTo="$parentSelectAll">
            <Offset>
              <AbsDimension x="5" y="0"/>
            </Offset>
          </Anchor>
        </Anchors>
        <Size>
          <AbsDimension x="120" y="25"/>
        </Size>
        <Scripts>
          <OnClick>
            WebDKP_UnselectAll();
          </OnClick>
        </Scripts>
      </Button>

      <!-- Save Log Button -->
      <Button name="$parentSaveLog" inherits="OptionsButtonTemplate" text="Save Log File">
        <Anchors>
          <Anchor point="TOPLEFT" relativePoint="BOTTOMLEFT">
            <Offset>
              <AbsDimension x="360" y="50"/>
            </Offset>
          </Anchor>
        </Anchors>
        <Size>
          <AbsDimension x="120" y="25"/>
        </Size>
        <Scripts>
          <OnClick> ReloadUI(); </OnClick>
        </Scripts>
      </Button>

      <!-- Refresh Button -->
      <Button name="$parentRefresh" inherits="OptionsButtonTemplate" text="Refresh Group">
        <Anchors>
          <Anchor point="TOPLEFT" relativePoint="TOPRIGHT" relativeTo="$parentSaveLog">
            <Offset>
              <AbsDimension x="5" y="0"/>
            </Offset>
          </Anchor>
        </Anchors>
        <Size>
          <AbsDimension x="120" y="25"/>
        </Size>
        <Scripts>
          <OnClick>
            WebDKP_Refresh();
          </OnClick>
        </Scripts>
      </Button>

      <!-- FILTER FRAME -->
      <Frame name="WebDKP_FiltersFrame">
        <Anchors>
          <Anchor point="TOPLEFT">
            <Offset>
              <AbsDimension x="350" y="-42" />
            </Offset>
          </Anchor>
          <Anchor point="BOTTOMRIGHT">
            <Offset>
              <AbsDimension x="-20" y="110" />
            </Offset>
          </Anchor>
        </Anchors>
        <Backdrop bgFile="Interface\TutorialFrame\TutorialFrameBackground" edgeFile="Interface\Tooltips\UI-Tooltip-Border" tile="true">
          <EdgeSize>
            <AbsValue val="16"/>
          </EdgeSize>
          <TileSize>
            <AbsValue val="16"/>
          </TileSize>
          <BackgroundInsets>
            <AbsInset left="5" right="5" top="5" bottom="5"/>
          </BackgroundInsets>
        </Backdrop>
        <Layers>
          <Layer level="OVERLAY">
            <FontString name="WebDKP_Header" inherits="GameFontNormalLarge" text="Filters:">
              <Anchors>
                <Anchor point="TOPLEFT" >
                  <Offset>
                    <AbsDimension x="12" y="-12"/>
                  </Offset>
                </Anchor>
              </Anchors>
            </FontString>
          </Layer>
        </Layers>
        <Frames>
          <!-- Filter Checkboxes -->
          <CheckButton name="$parentClassDruid" inherits="OptionsCheckButtonTemplate" checked="true">
            <Anchors>
              <Anchor point="TOPLEFT">
                <Offset>
                  <AbsDimension x="12" y="-30" />
                </Offset>
              </Anchor>
            </Anchors>
            <NormalText inherits="GameFontNormal" text="Druid">
              <Anchors>
                <Anchor point="LEFT">
                  <Offset>
                    <AbsDimension x="35" y="0"/>
                  </Offset>
                </Anchor>
              </Anchors>
            </NormalText>
            <Scripts>
              <OnClick>
                WebDKP_ToggleFilter("Druid");
              </OnClick>
            </Scripts>
          </CheckButton>
          <CheckButton name="$parentClassHunter" inherits="OptionsCheckButtonTemplate" checked="true">
            <Anchors>
              <Anchor point="TOPLEFT" relativePoint="BOTTOMLEFT" relativeTo="$parentClassDruid">
                <Offset>
                  <AbsDimension x="0" y="10" />
                </Offset>
              </Anchor>
            </Anchors>
            <NormalText inherits="GameFontNormal" text="Hunter">
              <Anchors>
                <Anchor point="LEFT">
                  <Offset>
                    <AbsDimension x="35" y="0"/>
                  </Offset>
                </Anchor>
              </Anchors>
            </NormalText>
            <Scripts>
              <OnClick>
                WebDKP_ToggleFilter("Hunter");
              </OnClick>
            </Scripts>
          </CheckButton>
          <CheckButton name="$parentClassMage" inherits="OptionsCheckButtonTemplate" checked="true">
            <Anchors>
              <Anchor point="TOPLEFT" relativePoint="BOTTOMLEFT" relativeTo="$parentClassHunter">
                <Offset>
                  <AbsDimension x="0" y="10" />
                </Offset>
              </Anchor>
            </Anchors>
            <NormalText inherits="GameFontNormal" text="Mage">
              <Anchors>
                <Anchor point="LEFT">
                  <Offset>
                    <AbsDimension x="35" y="0"/>
                  </Offset>
                </Anchor>
              </Anchors>
            </NormalText>
            <Scripts>
              <OnClick>
                WebDKP_ToggleFilter("Mage");
              </OnClick>
            </Scripts>
          </CheckButton>
          <CheckButton name="$parentClassRogue" inherits="OptionsCheckButtonTemplate" checked="true">
            <Anchors>
              <Anchor point="TOPLEFT" relativePoint="BOTTOMLEFT" relativeTo="$parentClassMage">
                <Offset>
                  <AbsDimension x="0" y="10" />
                </Offset>
              </Anchor>
            </Anchors>
            <NormalText inherits="GameFontNormal" text="Rogue">
              <Anchors>
                <Anchor point="LEFT">
                  <Offset>
                    <AbsDimension x="35" y="0"/>
                  </Offset>
                </Anchor>
              </Anchors>
            </NormalText>
            <Scripts>
              <OnClick>
                WebDKP_ToggleFilter("Rogue");
              </OnClick>
            </Scripts>
          </CheckButton>
          <CheckButton name="$parentClassShaman" inherits="OptionsCheckButtonTemplate" checked="true">
            <Anchors>
              <Anchor point="TOPLEFT" relativePoint="BOTTOMLEFT" relativeTo="$parentClassRogue">
                <Offset>
                  <AbsDimension x="0" y="10" />
                </Offset>
              </Anchor>
            </Anchors>
            <NormalText inherits="GameFontNormal" text="Shaman">
              <Anchors>
                <Anchor point="LEFT">
                  <Offset>
                    <AbsDimension x="35" y="0"/>
                  </Offset>
                </Anchor>
              </Anchors>
            </NormalText>
            <Scripts>
              <OnClick>
                WebDKP_ToggleFilter("Shaman");
              </OnClick>
            </Scripts>
          </CheckButton>
          <CheckButton name="$parentClassPaladin" inherits="OptionsCheckButtonTemplate" checked="true">
            <Anchors>
              <Anchor point="TOPLEFT" relativePoint="BOTTOMLEFT" relativeTo="$parentClassShaman">
                <Offset>
                  <AbsDimension x="0" y="10" />
                </Offset>
              </Anchor>
            </Anchors>
            <NormalText inherits="GameFontNormal" text="Paladin">
              <Anchors>
                <Anchor point="LEFT">
                  <Offset>
                    <AbsDimension x="35" y="0"/>
                  </Offset>
                </Anchor>
              </Anchors>
            </NormalText>
            <Scripts>
              <OnClick>
                WebDKP_ToggleFilter("Paladin");
              </OnClick>
            </Scripts>
          </CheckButton>
          <CheckButton name="$parentClassPriest" inherits="OptionsCheckButtonTemplate" checked="true">
            <Anchors>
              <Anchor point="TOPLEFT" relativePoint="BOTTOMLEFT" relativeTo="$parentClassPaladin">
                <Offset>
                  <AbsDimension x="0" y="10" />
                </Offset>
              </Anchor>
            </Anchors>
            <NormalText inherits="GameFontNormal" text="Priest">
              <Anchors>
                <Anchor point="LEFT">
                  <Offset>
                    <AbsDimension x="35" y="0"/>
                  </Offset>
                </Anchor>
              </Anchors>
            </NormalText>
            <Scripts>
              <OnClick>
                WebDKP_ToggleFilter("Priest");
              </OnClick>
            </Scripts>
          </CheckButton>
          <CheckButton name="$parentClassWarrior" inherits="OptionsCheckButtonTemplate" checked="true">
            <Anchors>
              <Anchor point="TOPLEFT" relativePoint="BOTTOMLEFT" relativeTo="$parentClassPriest">
                <Offset>
                  <AbsDimension x="0" y="10" />
                </Offset>
              </Anchor>
            </Anchors>
            <NormalText inherits="GameFontNormal" text="Warrior">
              <Anchors>
                <Anchor point="LEFT">
                  <Offset>
                    <AbsDimension x="35" y="0"/>
                  </Offset>
                </Anchor>
              </Anchors>
            </NormalText>
            <Scripts>
              <OnClick>
                WebDKP_ToggleFilter("Warrior");
              </OnClick>
            </Scripts>
          </CheckButton>
          <CheckButton name="$parentClassWarlock" inherits="OptionsCheckButtonTemplate" checked="true">
            <Anchors>
              <Anchor point="TOPLEFT" relativePoint="BOTTOMLEFT" relativeTo="$parentClassWarrior">
                <Offset>
                  <AbsDimension x="0" y="10" />
                </Offset>
              </Anchor>
            </Anchors>
            <NormalText inherits="GameFontNormal" text="Warlock">
              <Anchors>
                <Anchor point="LEFT">
                  <Offset>
                    <AbsDimension x="35" y="0"/>
                  </Offset>
                </Anchor>
              </Anchors>
            </NormalText>
            <Scripts>
              <OnClick>
                WebDKP_ToggleFilter("Warlock");
              </OnClick>
            </Scripts>
          </CheckButton>
          <!-- Check / Uncheck all Buttons-->
          <Button name="$parentCheckAll" inherits="OptionsButtonTemplate" text="Check All">
            <Anchors>
              <Anchor point="TOPLEFT" relativePoint="BottomLeft" relativeTo="$parentClassWarlock">
                <Offset>
                  <AbsDimension x="0" y="0"/>
                </Offset>
              </Anchor>
            </Anchors>
            <Scripts>
              <OnClick>
                WebDKP_CheckAllFilters();
              </OnClick>
            </Scripts>
          </Button>
          <Button name="$parentUncheckAll" inherits="OptionsButtonTemplate" text="Uncheck All">
            <Anchors>
              <Anchor point="TOPLEFT" relativePoint="BottomLeft" relativeTo="$parentCheckAll">
                <Offset>
                  <AbsDimension x="0" y="0"/>
                </Offset>
              </Anchor>
            </Anchors>
            <Scripts>
              <OnClick>
                WebDKP_UncheckAllFilters();
              </OnClick>
            </Scripts>
          </Button>
          <!-- Limit table to those in current raid-->
          <CheckButton name="$parentLimitRaid" inherits="OptionsCheckButtonTemplate" checked="true">
            <Anchors>
              <Anchor point="TOPLEFT" relativePoint="BOTTOMLEFT" relativeTo="$parentUncheckAll">
                <Offset>
                  <AbsDimension x="0" y="-10" />
                </Offset>
              </Anchor>
            </Anchors>
            <NormalText inherits="GameFontNormal" text="Only show players in current group">
              <Anchors>
                <Anchor point="LEFT">
                  <Offset>
                    <AbsDimension x="35" y="0"/>
                  </Offset>
                </Anchor>
              </Anchors>
            </NormalText>
            <Scripts>
              <OnClick>
                WebDKP_ToggleFilter("Group");
              </OnClick>
            </Scripts>
          </CheckButton>
        
        </Frames>
      </Frame>

      <!-- AWARD DKP FRAME -->
      <Frame name="WebDKP_AwardDKP_Frame">
        <Anchors>
          <Anchor point="TOPLEFT">
            <Offset>
              <AbsDimension x="350" y="-42" />
            </Offset>
          </Anchor>
          <Anchor point="BOTTOMRIGHT">
            <Offset>
              <AbsDimension x="-20" y="110" />
            </Offset>
          </Anchor>
        </Anchors>
        <Backdrop bgFile="Interface\TutorialFrame\TutorialFrameBackground" edgeFile="Interface\Tooltips\UI-Tooltip-Border" tile="true">
          <EdgeSize>
            <AbsValue val="16"/>
          </EdgeSize>
          <TileSize>
            <AbsValue val="16"/>
          </TileSize>
          <BackgroundInsets>
            <AbsInset left="5" right="5" top="5" bottom="5"/>
          </BackgroundInsets>
        </Backdrop>
        <Layers>
          <Layer level="OVERLAY">
            <FontString name="WebDKP_Header" inherits="GameFontNormalLarge" text="Award DKP:">
              <Anchors>
                <Anchor point="TOPLEFT" >
                  <Offset>
                    <AbsDimension x="12" y="-12"/>
                  </Offset>
                </Anchor>
              </Anchors>
            </FontString>
            <FontString name="$parentInfo1" inherits="GameFontNormal" text="Select recieving players on left and enter">
              <Anchors>
                <Anchor point="TOPLEFT" >
                  <Offset>
                    <AbsDimension x="12" y="-35"/>
                  </Offset>
                </Anchor>
              </Anchors>
            </FontString>
            <FontString name="$parentInfo2" inherits="GameFontNormal" text="award information below.">
              <Anchors>
                <Anchor point="TOPLEFT" relativePoint="BOTTOMLEFT" relativeTo="$parentInfo1" >
                  <Offset>
                    <AbsDimension x="0" y="-5"/>
                  </Offset>
                </Anchor>
              </Anchors>
            </FontString>
          </Layer>
        </Layers>
        <Frames>
          <!-- Reason Name -->
          <EditBox name="$parentReason" inherits="WebDKPEditBoxTemplate">
            <Size>
              <AbsDimension x="130" y="32"></AbsDimension>
            </Size>
            <Anchors>
              <Anchor point="TOPLEFT" relativePoint="BOTTOMLEFT" relativeTo="$parentInfo2">
                <Offset>
                  <AbsDimension x="5" y="-22" />
                </Offset>
              </Anchor>
            </Anchors>
            <Layers>
              <Layer level="ARTWORK">
                <FontString inherits="GameFontNormal" text="Reason:">
                  <Anchors>
                    <Anchor point="TOPLEFT" >
                      <Offset>
                        <AbsDimension x="-4" y="12"/>
                      </Offset>
                    </Anchor>
                  </Anchors>
                </FontString>
              </Layer>
            </Layers>
          </EditBox>
          <!-- Item Cost -->
          <EditBox name="$parentPoints" inherits="WebDKPEditBoxTemplate">
            <Size>
              <AbsDimension x="130" y="32"></AbsDimension>
            </Size>
            <Anchors>
              <Anchor point="TOPLEFT" relativePoint="BOTTOMLEFT" relativeTo="$parentReason">
                <Offset>
                  <AbsDimension x="0" y="-18"></AbsDimension>
                </Offset>
              </Anchor>
            </Anchors>
            <Layers>
              <Layer level="ARTWORK">
                <FontString inherits="GameFontNormal" text="Points: (Use negative # to deduct points)">
                  <Anchors>
                    <Anchor point="TOPLEFT" >
                      <Offset>
                        <AbsDimension x="-4" y="12"/>
                      </Offset>
                    </Anchor>
                  </Anchors>
                </FontString>
              </Layer>
            </Layers>
          </EditBox>
          <!-- Award Item Button-->
          <Button name="$parentAwardPoints" inherits="OptionsButtonTemplate" text="Award DKP">
            <Anchors>
              <Anchor point="TOPLEFT" relativePoint="BOTTOMLEFT" relativeTo="$parentPoints">
                <Offset>
                  <AbsDimension x="-5" y="-25"/>
                </Offset>
              </Anchor>
            </Anchors>
            <Size>
              <AbsDimension x="150" y="25"/>
            </Size>
            <Scripts>
              <OnClick>
                WebDKP_AwardDKP_Event();
              </OnClick>
            </Scripts>
          </Button>
        </Frames>
      </Frame>

      <!-- AWARD ITEM FRAME -->
      <Frame name="WebDKP_AwardItem_Frame">
        <Anchors>
          <Anchor point="TOPLEFT">
            <Offset>
              <AbsDimension x="350" y="-42" />
            </Offset>
          </Anchor>
          <Anchor point="BOTTOMRIGHT">
            <Offset>
              <AbsDimension x="-20" y="110" />
            </Offset>
          </Anchor>
        </Anchors>
        <Backdrop bgFile="Interface\TutorialFrame\TutorialFrameBackground" edgeFile="Interface\Tooltips\UI-Tooltip-Border" tile="true">
          <EdgeSize>
            <AbsValue val="16"/>
          </EdgeSize>
          <TileSize>
            <AbsValue val="16"/>
          </TileSize>
          <BackgroundInsets>
            <AbsInset left="5" right="5" top="5" bottom="5"/>
          </BackgroundInsets>
        </Backdrop>
        <Layers>
          <Layer level="OVERLAY">
            <FontString name="WebDKP_Header" inherits="GameFontNormalLarge" text="Award Item:">
              <Anchors>
                <Anchor point="TOPLEFT" >
                  <Offset>
                    <AbsDimension x="12" y="-12"/>
                  </Offset>
                </Anchor>
              </Anchors>
            </FontString>
            <FontString name="$parentInfo1" inherits="GameFontNormal" text="Select recieving player from table on left">
              <Anchors>
                <Anchor point="TOPLEFT" >
                  <Offset>
                    <AbsDimension x="12" y="-35"/>
                  </Offset>
                </Anchor>
              </Anchors>
            </FontString>
            <FontString name="$parentInfo2" inherits="GameFontNormal" text="and enter item information below.">
              <Anchors>
                <Anchor point="TOPLEFT" relativePoint="BOTTOMLEFT" relativeTo="$parentInfo1" >
                  <Offset>
                    <AbsDimension x="0" y="-5"/>
                  </Offset>
                </Anchor>
              </Anchors>
            </FontString>
          </Layer>
        </Layers>
        <Frames>
          <!-- Item Name -->
          <EditBox name="$parentItemName" inherits="WebDKPEditBoxTemplate">
            <Size>
              <AbsDimension x="130" y="32"></AbsDimension>
            </Size>
            <Anchors>
              <Anchor point="TOPLEFT" relativePoint="BOTTOMLEFT" relativeTo="$parentInfo2">
                <Offset>
                  <AbsDimension x="5" y="-22" />
                </Offset>
              </Anchor>
            </Anchors>
            <Layers>
              <Layer level="ARTWORK">
                <FontString inherits="GameFontNormal" text="Item Name:">
                  <Anchors>
                    <Anchor point="TOPLEFT" >
                      <Offset>
                        <AbsDimension x="-4" y="12"/>
                      </Offset>
                    </Anchor>
                  </Anchors>
                </FontString>
              </Layer>
            </Layers>
          </EditBox>
          <!-- Item Cost -->
          <EditBox name="$parentItemCost" inherits="WebDKPEditBoxTemplate">
            <Size>
              <AbsDimension x="130" y="32"></AbsDimension>
            </Size>
            <Anchors>
              <Anchor point="TOPLEFT" relativePoint="BOTTOMLEFT" relativeTo="$parentItemName">
                <Offset>
                  <AbsDimension x="0" y="-18"></AbsDimension>
                </Offset>
              </Anchor>
            </Anchors>
            <Layers>
              <Layer level="ARTWORK">
                <FontString inherits="GameFontNormal" text="Item Cost: (Positive numbers only)">
                  <Anchors>
                    <Anchor point="TOPLEFT" >
                      <Offset>
                        <AbsDimension x="-4" y="12"/>
                      </Offset>
                    </Anchor>
                  </Anchors>
                </FontString>
              </Layer>
            </Layers>
          </EditBox>
          <!-- Award Item Button-->
          <Button name="$parentAwardItem" inherits="OptionsButtonTemplate" text="Award Item">
            <Anchors>
              <Anchor point="TOPLEFT" relativePoint="BOTTOMLEFT" relativeTo="$parentItemCost">
                <Offset>
                  <AbsDimension x="-5" y="-25"/>
                </Offset>
              </Anchor>
            </Anchors>
            <Size>
              <AbsDimension x="150" y="25"/>
            </Size>
            <Scripts>
              <OnClick>
                WebDKP_AwardItem_Event();
              </OnClick>
            </Scripts>
          </Button>    
        </Frames>
      </Frame>


      <!-- Tab Button: DKP Filters -->
      <Button name="$parentTab1" inherits="WebDKP_TabTemplate" id="1" text="Filters">
        <Anchors>
          <Anchor point="TOPLEFT" relativePoint="BOTTOMLEFT" relativeTo="WebDKP_FiltersFrame">
            <Offset>
              <AbsDimension x="5" y="7"/>
            </Offset>
          </Anchor>
        </Anchors>
      </Button>
      <!-- Tab Button: Award DKP -->
      <Button name="$parentTab2" inherits="WebDKP_TabTemplate" id="2" text="Award DKP">
        <Anchors>
          <Anchor point="LEFT" relativeTo="$parentTab1" relativePoint="RIGHT">
            <Offset>
              <AbsDimension x="-16" y="0"/>
            </Offset>
          </Anchor>
        </Anchors>
      </Button>
      <!-- Tab Button: Award Item -->
      <Button name="$parentTab3" inherits="WebDKP_TabTemplate" id="3" text="Award Item">
        <Anchors>
          <Anchor point="LEFT" relativeTo="$parentTab2" relativePoint="RIGHT">
            <Offset>
              <AbsDimension x="-16" y="0"/>
            </Offset>
          </Anchor>
        </Anchors>
      </Button>


    </Frames>
  </Frame>
</Ui>