﻿<Ui xmlns="http://www.blizzard.com/wow/ui/" xmlns:xsi="http://www.w3.org/2001/XMLSchema-instance" xsi:schemaLocation="http://www.blizzard.com/wow/ui/ 
..\..\FrameXML\UI.xsd">
  <!-- ================================================
       TEMPLATES 
       =================================================-->
  <!-- Defines a button template for all the buttons in the player list. This is 
  defined here so that these parameters don't need to be redefined for each button -->
  <Button name = "NameEntryTemplate" text="entry" virtual="true" >
    <Size>
      <AbsDimension x="150" y="16" />
    </Size>
  </Button>

  <!-- Defines a template for the log headers -->
  <Button name="WebDKP_LogTabTemplate" virtual="true">
    <Layers>
      <Layer level="BACKGROUND">
        <Texture name="$parentBackground">
          <Anchors>
            <Anchor point="TOPLEFT"/>
            <Anchor point="BOTTOMRIGHT"/>
          </Anchors>
          <Color r="1" g="1" b="1" a="1"/>
        </Texture>
      </Layer>
    </Layers>
    <Scripts>
      <OnLoad>
        getglobal(self:GetName(self) .. "Background"):SetVertexColor(.7, .7, .7, 0.5);
      </OnLoad>
      <OnEnter>
       getglobal(self:GetName(self) .. "Background"):SetVertexColor(0.5, 0.5, 0.5, 0.5); 
      </OnEnter>
      <OnLeave>
       getglobal(self:GetName(self) .. "Background"):SetVertexColor(.7, .7, .7, 0.5); 
      </OnLeave>
    </Scripts>
  </Button>
  

 

  <!-- Define a template for a log entry -->
  <Frame name="WebDKP_LogLineTemplate" virtual="true">
    <Size>
      <AbsDimension x="515" y="20"/>
    </Size>
    <Layers>
      <Layer level="BACKGROUND">
        <Texture name="$parentBackground">
          <Anchors>
            <Anchor point="TOPLEFT"/>
            <Anchor point="BOTTOMRIGHT"/>
          </Anchors>
          <Color r="1" g="1" b="1" a="1"/>
        </Texture>
      </Layer>
      <Layer level="ARTWORK">
        <FontString name="$parentAwarded" inherits="ChatFontNormal" text="">
          <Anchors>
            <Anchor point="LEFT">
              <Offset>
                <AbsDimension x="5" y="0"/>
              </Offset>
            </Anchor>
          </Anchors>
        </FontString>
        <FontString name="$parentAmount" inherits="ChatFontNormal" text="">
          <Anchors>
            <Anchor point="LEFT">
              <Offset>
                <AbsDimension x="115" y="0"/>
              </Offset>
            </Anchor>
          </Anchors>
        </FontString>
        <FontString name="$parentReason" inherits="ChatFontNormal" text="">
          <Anchors>
            <Anchor point="LEFT">
              <Offset>
                <AbsDimension x="180" y="0"/>
              </Offset>
            </Anchor>
          </Anchors>
        </FontString>
        <FontString name="$parentDate" inherits="ChatFontNormal" text="">
          <Anchors>
            <Anchor point="LEFT">
              <Offset>
                <AbsDimension x="400" y="0"/>
              </Offset>
            </Anchor>
          </Anchors>
        </FontString>
      </Layer>
    </Layers>
    <Scripts>
      <OnLoad>
        getglobal(self:GetName(self) .. "Background"):SetVertexColor(0, 0, 0, 0);
      </OnLoad>
      <OnEnter>
        WebDKP_HandleMouseOverLog(self);
      </OnEnter>
      <OnLeave>
        WebDKP_HandleMouseLeaveLog(self);
      </OnLeave>
      <OnMouseDown>
        WebDKP_SelectLogToggle(self);
      </OnMouseDown>
    </Scripts>
  </Frame>
  
   <!-- Define a template for a log entry for who was awarded, right side-->
  <Frame name="WebDKP_AwardedLineTemplate" virtual="true">
    <Size>
      <AbsDimension x="150" y="20"/>
    </Size>
    <Layers>
      <Layer level="BACKGROUND">
        <Texture name="$parentBackground">
          <Anchors>
            <Anchor point="TOPLEFT"/>
            <Anchor point="BOTTOMRIGHT"/>
          </Anchors>
          <Color r="1" g="1" b="1" a="1"/>
        </Texture>
      </Layer>
      <Layer level="ARTWORK">
        <FontString name="$parentAwarded" inherits="ChatFontNormal" text="">
          <Anchors>
            <Anchor point="LEFT">
              <Offset>
                <AbsDimension x="5" y="0"/>
              </Offset>
            </Anchor>
          </Anchors>
        </FontString>
      </Layer>
    </Layers>
    <Scripts>
      <OnLoad>
        getglobal(self:GetName(self) .. "Background"):SetVertexColor(0, 0, 0, 0);
      </OnLoad>
      <OnEnter>
      <!-- WebDKP_HandleMouseOverLog(self); -->
      </OnEnter>
      <OnLeave>
       <!-- WebDKP_HandleMouseLeaveLog(self); -->
      </OnLeave>
      <OnMouseDown>
        WebDKP_SelectAwardeeLogToggle(self)
      </OnMouseDown>
    </Scripts>
  </Frame>

  

  <!-- ================================================
       MAIN FRAME
       =================================================-->
  <Frame name="WebDKP_LogFrame" toplevel="true" parent="UIParent" movable="true" hidden="true">
    <!-- EVENT HANDLERS FOR THE MASTER FRAME -->
    <Scripts>
      <OnMouseDown>
        self:StartMoving(self);
      </OnMouseDown>
      <OnMouseUp>
        self:StopMovingOrSizing(self);
      </OnMouseUp>
      <OnLoad>
        WebDKP_OnLoad(self);
      </OnLoad>
      <OnEvent>
        WebDKP_OnEvent(self);
      </OnEvent>
    </Scripts>
    <Size>
      <AbsDimension x="760" y="620"/>
    </Size>
    <Anchors>
      <Anchor point="LEFT"/>
    </Anchors>
    <Backdrop bgFile="Interface\TutorialFrame\TutorialFrameBackground" edgeFile="Interface\Tooltips\UI-Tooltip-Border" tile="true">
      <EdgeSize>
        <AbsValue val="16"/>
      </EdgeSize>
      <TileSize>
        <AbsValue val="16"/>
      </TileSize>
      <BackgroundInsets>
        <AbsInset left="5" right="5" top="5" bottom="5"/>
      </BackgroundInsets>
    </Backdrop>

    <!-- HEADER / ADDON TITLE-->
    <Layers>
      <Layer level="OVERLAY">
        <!-- Log TITLE -->
        <FontString name="WebDKP_Header" inherits="GameFontNormalLarge" text="Log Table:">
          <Anchors>
            <Anchor point="TOPLEFT" >
              <Offset>
                <AbsDimension x="12" y="-22"/>
              </Offset>
            </Anchor>
          </Anchors>
        </FontString>
      </Layer>
        <Layer level="OVERLAY">
        <!-- Awarded To TITLE -->
        <FontString name="WebDKP_Header" inherits="GameFontNormalLarge" text="Awarded To:">
          <Anchors>
            <Anchor point="TOPRIGHT" >
              <Offset>
                <AbsDimension x="-100" y="-50"/>
              </Offset>
            </Anchor>
          </Anchors>
        </FontString>
      </Layer>
      <Layer level="ARTWORK">
        <Texture name="$parentHeaderTexture" file="Interface\DialogFrame\UI-DialogBox-Header">
          <Size>
            <AbsDimension x="400" y="64"/>
          </Size>
          <Anchors>
            <Anchor point="TOP">
              <Offset>
                <AbsDimension x="0" y="20"/>
              </Offset>
            </Anchor>
          </Anchors>
        </Texture>
        <FontString name="$parentTitle" inherits="GameFontNormal" text="WebDKP Visual Log">
          <Anchors>
            <Anchor point="TOP" relativeTo="$parentHeaderTexture">
              <Offset>
                <AbsDimension x="0" y="-14"/>
              </Offset>
            </Anchor>
          </Anchors>
        </FontString>
        <FontString name="$parentRecordingText" inherits="GameFontNormal">
          <Anchors>
            <Anchor point="TOP">
              <Offset>
                <AbsDimension x="0" y="-505"/>
              </Offset>
            </Anchor>
          </Anchors>
        </FontString>
      </Layer>
     <!-- Adjust Characters-->
      <Layer level="OVERLAY">
        <FontString name="WebDKP_HeaderDirChar" inherits="GameFontNormalLarge" text="You can add or delete a character to an award here.">
          <Anchors>
            <Anchor point="TOPLEFT" >
              <Offset>
                <AbsDimension x="10" y="-535"/>
              </Offset>
            </Anchor>
          </Anchors>
        </FontString>
      </Layer>
    </Layers>
    <!-- FRAMES (contains all gui elements -->
    <Frames>

      <!-- DKP TABLE COLUMN NAMES -->
      <Button name="$parentAwardedto" inherits="WebDKP_LogTabTemplate">
        <Anchors>
          <Anchor point="TOPLEFT">
            <Offset>
              <AbsDimension x="12" y="-45"/>
            </Offset>
          </Anchor>
        </Anchors>
        <Size>
          <AbsDimension x="100" y="24"/>
        </Size>
        <Scripts>
          <OnClick>
            PlaySound(SOUNDKIT.IG_MAIN_MENU_OPTION_CHECKBOX_ON, "SFX");
            WebDKPLog_SortBy(4);
          </OnClick>
        </Scripts>
        <Layers>
          <Layer level="OVERLAY">
            <FontString inherits="GameFontNormal" text="Awarded To">
              <Anchors>
                <Anchor point="LEFT">
                  <Offset>
                    <AbsDimension x="8" y="0"/>
                  </Offset>
                </Anchor>
              </Anchors>
            </FontString>
          </Layer>
        </Layers>
      </Button>
      <Button name="$parentAmount" inherits="WebDKP_LogTabTemplate">
        <Anchors>
          <Anchor point="TOPLEFT" relativePoint="TOPRIGHT" relativeTo="$parentAwardedto">
            <Offset>
              <AbsDimension x="0" y="0"/>
            </Offset>
          </Anchor>
        </Anchors>
        <Size>
          <AbsDimension x="70" y="24"/>
        </Size>
        <Scripts>
          <OnClick>
            PlaySound(SOUNDKIT.IG_MAIN_MENU_OPTION_CHECKBOX_ON, "SFX");
            WebDKPLog_SortBy(2);
          </OnClick>
        </Scripts>
        <Layers>
          <Layer level="OVERLAY">
            <FontString inherits="GameFontNormal" text="Amount">
              <Anchors>
                <Anchor point="LEFT">
                  <Offset>
                    <AbsDimension x="8" y="0"/>
                  </Offset>
                </Anchor>
              </Anchors>
            </FontString>
          </Layer>
        </Layers>
      </Button>
      <Button name="$parentReason" inherits="WebDKP_LogTabTemplate">
        <Anchors>
          <Anchor point="TOPLEFT" relativePoint="TOPRIGHT" relativeTo="$parentAmount">
            <Offset>
              <AbsDimension x="0" y="0"/>
            </Offset>
          </Anchor>
        </Anchors>
        <Size>
          <AbsDimension x="220" y="24"/>
        </Size>
        <Scripts>
          <OnClick>
            PlaySound(SOUNDKIT.IG_MAIN_MENU_OPTION_CHECKBOX_ON, "SFX");
            WebDKPLog_SortBy(3);
          </OnClick>
        </Scripts>
        <Layers>
          <Layer level="OVERLAY">
            <FontString inherits="GameFontNormal" text="Reason">
              <Anchors>
                <Anchor point="LEFT">
                  <Offset>
                    <AbsDimension x="8" y="0"/>
                  </Offset>
                </Anchor>
              </Anchors>
            </FontString>
          </Layer>
        </Layers>
      </Button>
      <Button name="$parentDate" inherits="WebDKP_LogTabTemplate">
        <Anchors>
          <Anchor point="TOPLEFT" relativePoint="TOPRIGHT" relativeTo="$parentReason">
            <Offset>
              <AbsDimension x="0" y="0"/>
            </Offset>
          </Anchor>
        </Anchors>
        <Size>
          <AbsDimension x="145" y="24"/>
        </Size>
        <Scripts>
          <OnClick>
			PlaySound(SOUNDKIT.IG_MAIN_MENU_OPTION_CHECKBOX_ON, "SFX");
            WebDKPLog_SortBy(1);
          </OnClick>
        </Scripts>
        <Layers>
          <Layer level="OVERLAY">
            <FontString inherits="GameFontNormal" text="Date">
              <Anchors>
                <Anchor point="LEFT">
                  <Offset>
                    <AbsDimension x="8" y="0"/>
                  </Offset>
                </Anchor>
              </Anchors>
            </FontString>
          </Layer>
        </Layers>
      </Button>

      <!-- Log Table SCROLL FRAME -->
      <ScrollFrame name="$parentScrollLogFrame" inherits="FauxScrollFrameTemplate" hidden="false">
        <Size>
          <AbsDimension x="520" y="460"/>
        </Size>
        <Anchors>
          <Anchor point="TOPLEFT">
            <Offset>
              <AbsDimension x="12" y="-70"/>
            </Offset>
          </Anchor>
        </Anchors>
        <Scripts>
          <OnVerticalScroll>
           FauxScrollFrame_OnVerticalScroll(self, offset, 20, WebDKP_ScrollLogListToggle);
          </OnVerticalScroll>
          <OnShow>
            WebDKP_UpdateLogTable(self)
          </OnShow>
        </Scripts>
        <Layers>
          <Layer level="BACKGROUND">
            <Texture name="$parentBackground" setAllPoints="true">
              <Color r=".2" g=".2" b=".2" a="0.5" />
            </Texture>
          </Layer>
        </Layers>

      </ScrollFrame>
      
      
      <!-- Log Table LINE ENTRIES -->
      <Frame name="$parentLine1" inherits="WebDKP_LogLineTemplate" id="1">
        <Anchors>
          <Anchor point="TOPLEFT">
            <Offset>
              <AbsDimension x="12" y="-70"/>
            </Offset>
          </Anchor>
        </Anchors>
      </Frame>
      <Frame name="$parentLine2" inherits="WebDKP_LogLineTemplate" id="2">
        <Anchors>
          <Anchor point="TOPLEFT" relativePoint="BOTTOMLEFT" relativeTo="$parentLine1"/>
        </Anchors>
      </Frame>
      <Frame name="$parentLine3" inherits="WebDKP_LogLineTemplate" id="3">
        <Anchors>
          <Anchor point="TOPLEFT" relativePoint="BOTTOMLEFT" relativeTo="$parentLine2"/>
        </Anchors>
      </Frame>
      <Frame name="$parentLine4" inherits="WebDKP_LogLineTemplate" id="4">
        <Anchors>
          <Anchor point="TOPLEFT" relativePoint="BOTTOMLEFT" relativeTo="$parentLine3"/>
        </Anchors>
      </Frame>
      <Frame name="$parentLine5" inherits="WebDKP_LogLineTemplate" id="5">
        <Anchors>
          <Anchor point="TOPLEFT" relativePoint="BOTTOMLEFT" relativeTo="$parentLine4"/>
        </Anchors>
      </Frame>
      <Frame name="$parentLine6" inherits="WebDKP_LogLineTemplate" id="6">
        <Anchors>
          <Anchor point="TOPLEFT" relativePoint="BOTTOMLEFT" relativeTo="$parentLine5"/>
        </Anchors>
      </Frame>
      <Frame name="$parentLine7" inherits="WebDKP_LogLineTemplate" id="7">
        <Anchors>
          <Anchor point="TOPLEFT" relativePoint="BOTTOMLEFT" relativeTo="$parentLine6"/>
        </Anchors>
      </Frame>
      <Frame name="$parentLine8" inherits="WebDKP_LogLineTemplate" id="8">
        <Anchors>
          <Anchor point="TOPLEFT" relativePoint="BOTTOMLEFT" relativeTo="$parentLine7"/>
        </Anchors>
      </Frame>
      <Frame name="$parentLine9" inherits="WebDKP_LogLineTemplate" id="9">
        <Anchors>
          <Anchor point="TOPLEFT" relativePoint="BOTTOMLEFT" relativeTo="$parentLine8"/>
        </Anchors>
      </Frame>
      <Frame name="$parentLine10" inherits="WebDKP_LogLineTemplate" id="10">
        <Anchors>
          <Anchor point="TOPLEFT" relativePoint="BOTTOMLEFT" relativeTo="$parentLine9"/>
        </Anchors>
      </Frame>
      <Frame name="$parentLine11" inherits="WebDKP_LogLineTemplate" id="11">
        <Anchors>
          <Anchor point="TOPLEFT" relativePoint="BOTTOMLEFT" relativeTo="$parentLine10"/>
        </Anchors>
      </Frame>
      <Frame name="$parentLine12" inherits="WebDKP_LogLineTemplate" id="12">
        <Anchors>
          <Anchor point="TOPLEFT" relativePoint="BOTTOMLEFT" relativeTo="$parentLine11"/>
        </Anchors>
      </Frame>
      <Frame name="$parentLine13" inherits="WebDKP_LogLineTemplate" id="13">
        <Anchors>
          <Anchor point="TOPLEFT" relativePoint="BOTTOMLEFT" relativeTo="$parentLine12"/>
        </Anchors>
      </Frame>
      <Frame name="$parentLine14" inherits="WebDKP_LogLineTemplate" id="14">
        <Anchors>
          <Anchor point="TOPLEFT" relativePoint="BOTTOMLEFT" relativeTo="$parentLine13"/>
        </Anchors>
      </Frame>
      <Frame name="$parentLine15" inherits="WebDKP_LogLineTemplate" id="15">
        <Anchors>
          <Anchor point="TOPLEFT" relativePoint="BOTTOMLEFT" relativeTo="$parentLine14"/>
        </Anchors>
      </Frame>
      <Frame name="$parentLine16" inherits="WebDKP_LogLineTemplate" id="16">
        <Anchors>
          <Anchor point="TOPLEFT" relativePoint="BOTTOMLEFT" relativeTo="$parentLine15"/>
        </Anchors>
      </Frame>
      <Frame name="$parentLine17" inherits="WebDKP_LogLineTemplate" id="17">
        <Anchors>
          <Anchor point="TOPLEFT" relativePoint="BOTTOMLEFT" relativeTo="$parentLine16"/>
        </Anchors>
      </Frame>
      <Frame name="$parentLine18" inherits="WebDKP_LogLineTemplate" id="18">
        <Anchors>
          <Anchor point="TOPLEFT" relativePoint="BOTTOMLEFT" relativeTo="$parentLine17"/>
        </Anchors>
      </Frame>
      <Frame name="$parentLine19" inherits="WebDKP_LogLineTemplate" id="19">
        <Anchors>
          <Anchor point="TOPLEFT" relativePoint="BOTTOMLEFT" relativeTo="$parentLine18"/>
        </Anchors>
      </Frame>
      
      <Frame name="$parentLine20" inherits="WebDKP_LogLineTemplate" id="20">
        <Anchors>
          <Anchor point="TOPLEFT" relativePoint="BOTTOMLEFT" relativeTo="$parentLine19"/>
        </Anchors>
        </Frame>
        
       <Frame name="$parentLine21" inherits="WebDKP_LogLineTemplate" id="21">
        <Anchors>
          <Anchor point="TOPLEFT" relativePoint="BOTTOMLEFT" relativeTo="$parentLine20"/>
        </Anchors>  
        </Frame>   
          
      <Frame name="$parentLine22" inherits="WebDKP_LogLineTemplate" id="22">
        <Anchors>
          <Anchor point="TOPLEFT" relativePoint="BOTTOMLEFT" relativeTo="$parentLine21"/>
        </Anchors>
       </Frame>
       
      <Frame name="$parentLine23" inherits="WebDKP_LogLineTemplate" id="23">
        <Anchors>
          <Anchor point="TOPLEFT" relativePoint="BOTTOMLEFT" relativeTo="$parentLine22"/>
        </Anchors> 
       </Frame> 
      
      <!-- Log Table SCROLL FRAME for Awarded-->
      <ScrollFrame name="$parentScrollAwardedFrame" inherits="FauxScrollFrameTemplate" hidden="false">
        <Size>
          <AbsDimension x="150" y="460"/>
        </Size>
        <Anchors>
          <Anchor point="TOPRIGHT">
            <Offset>
              <AbsDimension x="-50" y="-70"/>
            </Offset>
          </Anchor>
        </Anchors>
        <Scripts>
          <OnVerticalScroll>
           FauxScrollFrame_OnVerticalScroll(self, offset, 20, WebDKP_ScrollLogAwardedToggle);
          </OnVerticalScroll>
          <OnShow>
           <!-- WebDKP_UpdateLogTable(self) -->
          </OnShow>
        </Scripts>
        <Layers>
          <Layer level="BACKGROUND">
            <Texture name="$parentBackground" setAllPoints="true">
              <Color r=".2" g=".2" b=".2" a="0.5" />
            </Texture>
          </Layer>
        </Layers>

      </ScrollFrame>

      <!-- Log Table LINE ENTRIES for people Awarded -->
      <Frame name="$parentLines1" inherits="WebDKP_AwardedLineTemplate" id="1">
        <Anchors>
          <Anchor point="TOPRIGHT">
            <Offset>
              <AbsDimension x="-50" y="-70"/>
            </Offset>
          </Anchor>
        </Anchors>
      </Frame>
      <Frame name="$parentLines2" inherits="WebDKP_AwardedLineTemplate" id="2">
        <Anchors>
          <Anchor point="TOPLEFT" relativePoint="BOTTOMLEFT" relativeTo="$parentLines1"/>
        </Anchors>
      </Frame>
      <Frame name="$parentLines3" inherits="WebDKP_AwardedLineTemplate" id="3">
        <Anchors>
          <Anchor point="TOPLEFT" relativePoint="BOTTOMLEFT" relativeTo="$parentLines2"/>
        </Anchors>
      </Frame>
      <Frame name="$parentLines4" inherits="WebDKP_AwardedLineTemplate" id="4">
        <Anchors>
          <Anchor point="TOPLEFT" relativePoint="BOTTOMLEFT" relativeTo="$parentLines3"/>
        </Anchors>
      </Frame>
      <Frame name="$parentLines5" inherits="WebDKP_AwardedLineTemplate" id="5">
        <Anchors>
          <Anchor point="TOPLEFT" relativePoint="BOTTOMLEFT" relativeTo="$parentLines4"/>
        </Anchors>
      </Frame>
      <Frame name="$parentLines6" inherits="WebDKP_AwardedLineTemplate" id="6">
        <Anchors>
          <Anchor point="TOPLEFT" relativePoint="BOTTOMLEFT" relativeTo="$parentLines5"/>
        </Anchors>
      </Frame>
      <Frame name="$parentLines7" inherits="WebDKP_AwardedLineTemplate" id="7">
        <Anchors>
          <Anchor point="TOPLEFT" relativePoint="BOTTOMLEFT" relativeTo="$parentLines6"/>
        </Anchors>
      </Frame>
      <Frame name="$parentLines8" inherits="WebDKP_AwardedLineTemplate" id="8">
        <Anchors>
          <Anchor point="TOPLEFT" relativePoint="BOTTOMLEFT" relativeTo="$parentLines7"/>
        </Anchors>
      </Frame>
      <Frame name="$parentLines9" inherits="WebDKP_AwardedLineTemplate" id="9">
        <Anchors>
          <Anchor point="TOPLEFT" relativePoint="BOTTOMLEFT" relativeTo="$parentLines8"/>
        </Anchors>
      </Frame>
      <Frame name="$parentLines10" inherits="WebDKP_AwardedLineTemplate" id="10">
        <Anchors>
          <Anchor point="TOPLEFT" relativePoint="BOTTOMLEFT" relativeTo="$parentLines9"/>
        </Anchors>
      </Frame>
      <Frame name="$parentLines11" inherits="WebDKP_AwardedLineTemplate" id="11">
        <Anchors>
          <Anchor point="TOPLEFT" relativePoint="BOTTOMLEFT" relativeTo="$parentLines10"/>
        </Anchors>
      </Frame>
      <Frame name="$parentLines12" inherits="WebDKP_AwardedLineTemplate" id="12">
        <Anchors>
          <Anchor point="TOPLEFT" relativePoint="BOTTOMLEFT" relativeTo="$parentLines11"/>
        </Anchors>
      </Frame>
      <Frame name="$parentLines13" inherits="WebDKP_AwardedLineTemplate" id="13">
        <Anchors>
          <Anchor point="TOPLEFT" relativePoint="BOTTOMLEFT" relativeTo="$parentLines12"/>
        </Anchors>
      </Frame>
      <Frame name="$parentLines14" inherits="WebDKP_AwardedLineTemplate" id="14">
        <Anchors>
          <Anchor point="TOPLEFT" relativePoint="BOTTOMLEFT" relativeTo="$parentLines13"/>
        </Anchors>
      </Frame>
      <Frame name="$parentLines15" inherits="WebDKP_AwardedLineTemplate" id="15">
        <Anchors>
          <Anchor point="TOPLEFT" relativePoint="BOTTOMLEFT" relativeTo="$parentLines14"/>
        </Anchors>
      </Frame>
      <Frame name="$parentLines16" inherits="WebDKP_AwardedLineTemplate" id="16">
        <Anchors>
          <Anchor point="TOPLEFT" relativePoint="BOTTOMLEFT" relativeTo="$parentLines15"/>
        </Anchors>
      </Frame>
      <Frame name="$parentLines17" inherits="WebDKP_AwardedLineTemplate" id="17">
        <Anchors>
          <Anchor point="TOPLEFT" relativePoint="BOTTOMLEFT" relativeTo="$parentLines16"/>
        </Anchors>
      </Frame>
      <Frame name="$parentLines18" inherits="WebDKP_AwardedLineTemplate" id="18">
        <Anchors>
          <Anchor point="TOPLEFT" relativePoint="BOTTOMLEFT" relativeTo="$parentLines17"/>
        </Anchors>
      </Frame>
      <Frame name="$parentLines19" inherits="WebDKP_AwardedLineTemplate" id="19">
        <Anchors>
          <Anchor point="TOPLEFT" relativePoint="BOTTOMLEFT" relativeTo="$parentLines18"/>
        </Anchors>
      </Frame>
      
      <Frame name="$parentLines20" inherits="WebDKP_AwardedLineTemplate" id="20">
        <Anchors>
          <Anchor point="TOPLEFT" relativePoint="BOTTOMLEFT" relativeTo="$parentLines19"/>
        </Anchors>
        </Frame>
        
       <Frame name="$parentLines21" inherits="WebDKP_AwardedLineTemplate" id="21">
        <Anchors>
          <Anchor point="TOPLEFT" relativePoint="BOTTOMLEFT" relativeTo="$parentLines20"/>
        </Anchors>  
        </Frame>   
          
      <Frame name="$parentLines22" inherits="WebDKP_AwardedLineTemplate" id="22">
        <Anchors>
          <Anchor point="TOPLEFT" relativePoint="BOTTOMLEFT" relativeTo="$parentLines21"/>
        </Anchors>
       </Frame>
       
      <Frame name="$parentLines23" inherits="WebDKP_AwardedLineTemplate" id="23">
        <Anchors>
          <Anchor point="TOPLEFT" relativePoint="BOTTOMLEFT" relativeTo="$parentLines22"/>
        </Anchors> 
       </Frame> 


      <!-- Close Button -->
      <Button name="$parentCloseButton" hidden="false">
        <Size>
          <AbsDimension x="42" y="42"/>
        </Size>
        <Anchors>
          <Anchor point="TOPRIGHT">
            <Offset>
              <AbsDimension x="-5" y="-5"/>
            </Offset>
          </Anchor>
        </Anchors>
        <Scripts>
          <OnClick>
            HideUIPanel(self:GetParent(self));
          </OnClick>
        </Scripts>
        <NormalTexture file="Interface\Buttons\UI-Panel-MinimizeButton-Up"/>
        <PushedTexture file="Interface\Buttons\UI-Panel-MinimizeButton-Down"/>
        <HighlightTexture file="Interface\Buttons\UI-Panel-MinimizeButton-Highlight" alphaMode="ADD"/>
      </Button>

      <!-- Save Log Button -->
      <Button name="$parentSaveLog" inherits="OptionsButtonTemplate" text="Save Log File">
        <Anchors>
          <Anchor point="TOPLEFT" relativePoint="BOTTOMLEFT">
            <Offset>
              <AbsDimension x="10" y="40"/>
            </Offset>
          </Anchor>
        </Anchors>
        <Size>
          <AbsDimension x="120" y="25"/>
        </Size>
        <Scripts>
          <OnClick> ReloadUI(self); </OnClick>
        </Scripts>
      </Button>
    <!-- Delete Log Entry Button -->
      <Button name="$parentDelLog" inherits="OptionsButtonTemplate" text="Undo Award">
        <Anchors>
          <Anchor point="TOPLEFT" relativePoint="BOTTOMLEFT">
            <Offset>
              <AbsDimension x="150" y="40"/>
            </Offset>
          </Anchor>
        </Anchors>
        <Size>
          <AbsDimension x="120" y="25"/>
        </Size>
        <Scripts>
        <OnClick> WebDKP_LogUndo(self); </OnClick>
        </Scripts>
      </Button>
      
     <!-- Input Box for character name to add or remove -->
      <EditBox name="$parentCharChange" inherits="WebDKPEditBoxTemplate" >
        <Size>
          <AbsDimension x="130" y="32"></AbsDimension>
        </Size>
        <Anchors>
          <Anchor point="TOPLEFT" relativePoint="BOTTOMLEFT">
            <Offset>
              <AbsDimension x="120" y="70" />
            </Offset>
          </Anchor>
        </Anchors>
        <Layers>
          <Layer level="ARTWORK">
            <FontString inherits="GameFontNormal" text="Player Name:">
              <Anchors>
                <Anchor point="TOPLEFT" >
                  <Offset>
                    <AbsDimension x="-105" y="-8"/>
                  </Offset>
                </Anchor>
              </Anchors>
            </FontString>
          </Layer>
        </Layers>
        <Scripts>
          <OnLoad>
           getglobal(self:GetParent(self):GetName(self).."CharChange"):SetAutoFocus( false );
          </OnLoad>
          <OnEscapePressed>
            getglobal(self:GetParent(self):GetName(self).."CharChange"):ClearFocus(self);
          </OnEscapePressed>
          <OnEnterPressed>
            <!-- Does nothing when you press enter currently -->
          </OnEnterPressed>
          <OnTextChanged>
           <!-- Does nothing when you change the text. It will only do something when you hit the button -->
          </OnTextChanged>
        </Scripts>
      </EditBox>
      <Button name="$parentAddChar" inherits="OptionsButtonTemplate" text="Add Character">
        <Anchors>
          <Anchor point="TOPRIGHT" relativeTo="$parentCharChange">
            <Offset>
              <AbsDimension x="145" y="-3"/>
            </Offset>
          </Anchor>
        </Anchors>
        <Size>
          <AbsDimension x="120" y="25"/>
        </Size>
        <Scripts>
        <OnClick>WebDKP_AddLogChar(self) </OnClick>
        </Scripts>
      </Button>
       <Button name="$parentDelChar" inherits="OptionsButtonTemplate" text="Delete Character">
        <Anchors>
          <Anchor point="TOPRIGHT" relativeTo="$parentAddChar">
            <Offset>
              <AbsDimension x="130" y="0"/>
            </Offset>
          </Anchor>
        </Anchors>
        <Size>
          <AbsDimension x="120" y="25"/>
        </Size>
        <Scripts>
        <OnClick>WebDKP_DeleteLogChar(self) </OnClick>
        </Scripts>
      </Button>
      
      
      

    </Frames>
  </Frame>
</Ui>