<Ui xmlns="http://www.blizzard.com/wow/ui/" xmlns:xsi="http://www.w3.org/2001/XMLSchema-instance" xsi:schemaLocation="http://www.blizzard.com/wow/ui/ 
..\..\FrameXML\UI.xsd">

  <!-- ================================================
       TEMPLATES 
       =================================================-->
  <!-- Define a template for a bid row entry -->
  <Frame name="WebDKP_DKPBidLineTemplate" virtual="true">
    <Size>
      <AbsDimension x="350" y="20"/>
    </Size>
    <Layers>
      <Layer level="BACKGROUND">
        <Texture name="$parentBackground">
          <Anchors>
            <Anchor point="TOPLEFT"/>
            <Anchor point="BOTTOMRIGHT"/>
          </Anchors>
          <Color r="1" g="1" b="1" a="1"/>
        </Texture>
      </Layer>
      <Layer level="ARTWORK">
        <FontString name="$parentName" inherits="ChatFontNormal" text="asdf">
          <Anchors>
            <Anchor point="LEFT">
              <Offset>
                <AbsDimension x="2" y="0"/>
              </Offset>
            </Anchor>
          </Anchors>
        </FontString>
        <FontString name="$parentBid" inherits="ChatFontNormal" text="asdf">
          <Anchors>
            <Anchor point="LEFT">
              <Offset>
                <AbsDimension x="145" y="0"/>
              </Offset>
            </Anchor>
          </Anchors>
        </FontString>
        <FontString name="$parentDKP" inherits="ChatFontNormal" text="asdf">
          <Anchors>
            <Anchor point="LEFT">
              <Offset>
                <AbsDimension x="220" y="0"/>
              </Offset>
            </Anchor>
          </Anchors>
        </FontString>
        <FontString name="$parentPost" inherits="ChatFontNormal" text="asdf">
          <Anchors>
            <Anchor point="LEFT">
              <Offset>
                <AbsDimension x="290" y="0"/>
              </Offset>
            </Anchor>
          </Anchors>
        </FontString>
      </Layer>
    </Layers>
    <Scripts>
      <OnLoad>
        getglobal(this:GetName() .. "Background"):SetVertexColor(0, 0, 0, 0);
      </OnLoad>
      <OnEnter>
        WebDKP_Bid_HandleMouseOver();
      </OnEnter>
      <OnLeave>
        WebDKP_Bid_HandleMouseLeave();
      </OnLeave>
      <OnMouseDown>
        WebDKP_Bid_SelectPlayerToggle();
      </OnMouseDown>
    </Scripts>
  </Frame>

  
  <!-- ================================================
       MAIN FRAME
       =================================================-->
  <Frame name="WebDKP_BidFrame" toplevel="true" parent="UIParent" movable="true" hidden="true">
    <!-- EVENT HANDLERS FOR THE MASTER FRAME -->
    <Scripts>
      <OnMouseDown>
        this:StartMoving();
        getglobal("WebDKP_BidFrameItem"):ClearFocus();
        getglobal("WebDKP_BidFrameTime"):ClearFocus();
      </OnMouseDown>
      <OnMouseUp>
        this:StopMovingOrSizing();
      </OnMouseUp>
    </Scripts>
    <Size>
      <AbsDimension x="400" y="525"/>
    </Size>
    <Anchors>
      <Anchor point="LEFT"/>
    </Anchors>
    <Backdrop bgFile="Interface\TutorialFrame\TutorialFrameBackground" edgeFile="Interface\Tooltips\UI-Tooltip-Border" tile="true">
      <EdgeSize>
        <AbsValue val="16"/>
      </EdgeSize>
      <TileSize>
        <AbsValue val="16"/>
      </TileSize>
      <BackgroundInsets>
        <AbsInset left="5" right="5" top="5" bottom="5"/>
      </BackgroundInsets>
    </Backdrop>

    <!-- HEADER / ADDON TITLE-->
    <Layers>
      <Layer level="ARTWORK">
        <Texture name="$parentHeaderTexture" file="Interface\DialogFrame\UI-DialogBox-Header">
          <Size>
            <AbsDimension x="300" y="64"/>
          </Size>
          <Anchors>
            <Anchor point="TOP">
              <Offset>
                <AbsDimension x="0" y="20"/>
              </Offset>
            </Anchor>
          </Anchors>
        </Texture>
        <FontString name="$parentTitle" inherits="GameFontNormal" text="WebDKP Bidding">
          <Anchors>
            <Anchor point="TOP" relativeTo="$parentHeaderTexture">
              <Offset>
                <AbsDimension x="0" y="-14"/>
              </Offset>
            </Anchor>
          </Anchors>
        </FontString>
      </Layer>
    </Layers>
    <!-- FRAMES (contains all gui elements -->
    <Frames>
      <!-- ITEM BEING BID ON -->
      <EditBox name="$parentItem" inherits="WebDKPEditBoxTemplate">
        <Size>
          <AbsDimension x="130" y="32"></AbsDimension>
        </Size>
        <Anchors>
          <Anchor point="TOPLEFT" >
            <Offset>
              <AbsDimension x="100" y="-25" />
            </Offset>
          </Anchor>
        </Anchors>
        <Layers>
          <Layer level="ARTWORK">
            <FontString inherits="GameFontNormal" text="Item:">
              <Anchors>
                <Anchor point="TOPLEFT" >
                  <Offset>
                    <AbsDimension x="-85" y="-8"/>
                  </Offset>
                </Anchor>
              </Anchors>
            </FontString>
          </Layer>
        </Layers>
        <Scripts>
          <OnLoad>
            getglobal(this:GetParent():GetName().."Item"):SetAutoFocus( false );
          </OnLoad>
          <OnEscapePressed>
            getglobal(this:GetParent():GetName().."Item"):ClearFocus();
          </OnEscapePressed>
          <OnEnterPressed>
            getglobal(this:GetParent():GetName().."Item"):ClearFocus();
          </OnEnterPressed>
          <OnTextChanged>
            WebDKP_Bid_ItemNameChanged();
          </OnTextChanged>
        </Scripts>
      </EditBox>
      <EditBox name="$parentStartingBid" inherits="WebDKPEditBoxTemplate" >
        <Size>
          <AbsDimension x="130" y="32"></AbsDimension>
        </Size>
        <Anchors>
          <Anchor point="TOPLEFT" relativeTo="$parentItem" relativePoint="BOTTOMLEFT">
            <Offset>
              <AbsDimension x="0" y="-5" />
            </Offset>
          </Anchor>
        </Anchors>
        <Layers>
          <Layer level="ARTWORK">
            <FontString inherits="GameFontNormal" text="Starting Bid:">
              <Anchors>
                <Anchor point="TOPLEFT" >
                  <Offset>
                    <AbsDimension x="-85" y="-8"/>
                  </Offset>
                </Anchor>
              </Anchors>
            </FontString>
          </Layer>
        </Layers>
        <Scripts>
          <OnLoad>
            getglobal(this:GetParent():GetName().."StartingBid"):SetAutoFocus( false );
          </OnLoad>
          <OnEscapePressed>
            getglobal(this:GetParent():GetName().."StartingBid"):ClearFocus();
          </OnEscapePressed>
          <OnEnterPressed>
            getglobal(this:GetParent():GetName().."StartingBid"):ClearFocus();
          </OnEnterPressed>
        </Scripts>
      </EditBox>
      <!-- BID TIME LIMIT -->
      <EditBox name="$parentTime" inherits="WebDKPEditBoxTemplate" >
        <Size>
          <AbsDimension x="65" y="32"></AbsDimension>
        </Size>
        <Anchors>
          <Anchor point="TOPLEFT" relativeTo="$parentStartingBid" relativePoint="BOTTOMLEFT">
            <Offset>
              <AbsDimension x="0" y="-5" />
            </Offset>
          </Anchor>
        </Anchors>
        <Layers>
          <Layer level="ARTWORK">
            <FontString inherits="GameFontNormal" text="Bid Time:">
              <Anchors>
                <Anchor point="TOPLEFT" >
                  <Offset>
                    <AbsDimension x="-85" y="-10"/>
                  </Offset>
                </Anchor>
              </Anchors>
            </FontString>
            <FontString inherits="GameFontNormal" text="(in seconds - use 0 for no limit)">
              <Anchors>
                <Anchor point="TOPLEFT" >
                  <Offset>
                    <AbsDimension x="80" y="-10"/>
                  </Offset>
                </Anchor>
              </Anchors>
            </FontString>
          </Layer>
        </Layers>
        <Scripts>
          <OnLoad>
            getglobal(this:GetParent():GetName().."Time"):SetAutoFocus( false );
          </OnLoad>
          <OnEscapePressed>
            getglobal(this:GetParent():GetName().."Time"):ClearFocus();
          </OnEscapePressed>
          <OnEnterPressed>
            getglobal(this:GetParent():GetName().."Time"):ClearFocus();
          </OnEnterPressed>
        </Scripts>
      </EditBox>
      <!-- START / STOP BIDDING BUTTON-->
      <Button name="$parentBidButton" inherits="OptionsButtonTemplate" text="Start the Bidding!">
        <Anchors>
          <Anchor point="TOP" relativePoint="TOP">
            <Offset>
              <AbsDimension x="-8" y="-140"/>
            </Offset>
          </Anchor>
        </Anchors>
        <Size>
          <AbsDimension x="150" y="25"/>
        </Size>
        <Scripts>
          <OnClick>
            WebDKP_Bid_ButtonHandler();
          </OnClick>
        </Scripts>
      </Button>


      <!-- DKP TABLE COLUMN NAMES -->
      <Button name="$parentName" inherits="WebDKP_LogTabTemplate">
        <Anchors>
          <Anchor point="TOPLEFT">
            <Offset>
              <AbsDimension x="16" y="-190"/>
            </Offset>
          </Anchor>
        </Anchors>
        <Size>
          <AbsDimension x="140" y="24"/>
        </Size>
        <Layers>
          <Layer level="OVERLAY">
            <FontString inherits="GameFontNormal" text="Name">
              <Anchors>
                <Anchor point="LEFT">
                  <Offset>
                    <AbsDimension x="8" y="0"/>
                  </Offset>
                </Anchor>
              </Anchors>
            </FontString>
          </Layer>
          <Layer level="ARTWORK">
            <FontString inherits="GameFontNormal" text="Recieved Bids:">
              <Anchors>
                <Anchor point="TOPLEFT" >
                  <Offset>
                    <AbsDimension x="0" y="20"/>
                  </Offset>
                </Anchor>
              </Anchors>
            </FontString>
          </Layer>
        </Layers>
        <Scripts>
          <OnClick>WebDKP_Bid_SortBy(1);</OnClick>
        </Scripts>
      </Button>
      <Button name="$parentBid" inherits="WebDKP_LogTabTemplate">
        <Anchors>
          <Anchor point="TOPLEFT" relativePoint="TOPRIGHT" relativeTo="$parentName">
            <Offset>
              <AbsDimension x="0" y="0"/>
            </Offset>
          </Anchor>
        </Anchors>
        <Size>
          <AbsDimension x="70" y="24"/>
        </Size>
        <Layers>
          <Layer level="OVERLAY">
            <FontString inherits="GameFontNormal" text="Bid">
              <Anchors>
                <Anchor point="LEFT">
                  <Offset>
                    <AbsDimension x="8" y="0"/>
                  </Offset>
                </Anchor>
              </Anchors>
            </FontString>
          </Layer>
        </Layers>
        <Scripts>
          <OnClick>WebDKP_Bid_SortBy(2);</OnClick>
        </Scripts>
      </Button>
      <Button name="$parentDKP" inherits="WebDKP_LogTabTemplate">
        <Anchors>
          <Anchor point="TOPLEFT" relativePoint="TOPRIGHT" relativeTo="$parentBid">
            <Offset>
              <AbsDimension x="0" y="0"/>
            </Offset>
          </Anchor>
        </Anchors>
        <Size>
          <AbsDimension x="70" y="24"/>
        </Size>
        <Layers>
          <Layer level="OVERLAY">
            <FontString inherits="GameFontNormal" text="DKP">
              <Anchors>
                <Anchor point="LEFT">
                  <Offset>
                    <AbsDimension x="8" y="0"/>
                  </Offset>
                </Anchor>
              </Anchors>
            </FontString>
          </Layer>
        </Layers>
        <Scripts>
          <OnClick>WebDKP_Bid_SortBy(3);</OnClick>
        </Scripts>
      </Button>
      <Button name="$parentPost" inherits="WebDKP_LogTabTemplate">
        <Anchors>
          <Anchor point="TOPLEFT" relativePoint="TOPRIGHT" relativeTo="$parentDKP">
            <Offset>
              <AbsDimension x="0" y="0"/>
            </Offset>
          </Anchor>
        </Anchors>
        <Size>
          <AbsDimension x="70" y="24"/>
        </Size>
        <Layers>
          <Layer level="OVERLAY">
            <FontString inherits="GameFontNormal" text="DKP - Bid">
              <Anchors>
                <Anchor point="LEFT">
                  <Offset>
                    <AbsDimension x="8" y="0"/>
                  </Offset>
                </Anchor>
              </Anchors>
            </FontString>
            <FontString inherits="GameFontNormal" text="" name="WebDKP_BidFrame_Countdown">
              <Anchors>
                <Anchor point="TOPRIGHT">
                  <Offset>
                    <AbsDimension x="0" y="20"/>
                  </Offset>
                </Anchor>
              </Anchors>
            </FontString>
          </Layer>
        </Layers>
        <Scripts>
          <OnClick>WebDKP_Bid_SortBy(4);</OnClick>
        </Scripts>
      </Button>
      <!-- DKP TABLE SCROLL FRAME -->
      <ScrollFrame name="$parentScrollFrame" inherits="FauxScrollFrameTemplate" hidden="false">
        <Size>
          <AbsDimension x="350" y="260"/>
        </Size>
        <Anchors>
          <Anchor point="TOPLEFT" relativeTo="$parentName" relativePoint="bottomLeft">
            <Offset>
              <AbsDimension x="0" y="0"/>
            </Offset>
          </Anchor>
        </Anchors>
        <Scripts>
          <OnVerticalScroll>
            FauxScrollFrame_OnVerticalScroll(20, WebDKP_Bid_UpdateTable);
          </OnVerticalScroll>
          <OnShow>
            WebDKP_Bid_UpdateTable()
          </OnShow>
        </Scripts>
        <Layers>
          <Layer level="BACKGROUND">
            <Texture name="$parentBackground" setAllPoints="true">
              <Color r=".2" g=".2" b=".2" a="0.5" />
            </Texture>
          </Layer>
        </Layers>

      </ScrollFrame>
      <!-- DKP TABLE LINE ENTRIES -->
      <Frame name="$parentLine1" inherits="WebDKP_DKPBidLineTemplate" id="1">
        <Anchors>
          <Anchor point="TOPLEFT" relativePoint="BOTTOMLEFT" relativeTo="$parentName">
            <Offset>
              <AbsDimension x="0" y="0"/>
            </Offset>
          </Anchor>
        </Anchors>
      </Frame>
      <Frame name="$parentLine2" inherits="WebDKP_DKPBidLineTemplate" id="2">
        <Anchors>
          <Anchor point="TOPLEFT" relativePoint="BOTTOMLEFT" relativeTo="$parentLine1"/>
        </Anchors>
      </Frame>
      <Frame name="$parentLine3" inherits="WebDKP_DKPBidLineTemplate" id="3">
        <Anchors>
          <Anchor point="TOPLEFT" relativePoint="BOTTOMLEFT" relativeTo="$parentLine2"/>
        </Anchors>
      </Frame>
      <Frame name="$parentLine4" inherits="WebDKP_DKPBidLineTemplate" id="4">
        <Anchors>
          <Anchor point="TOPLEFT" relativePoint="BOTTOMLEFT" relativeTo="$parentLine3"/>
        </Anchors>
      </Frame>
      <Frame name="$parentLine5" inherits="WebDKP_DKPBidLineTemplate" id="5">
        <Anchors>
          <Anchor point="TOPLEFT" relativePoint="BOTTOMLEFT" relativeTo="$parentLine4"/>
        </Anchors>
      </Frame>
      <Frame name="$parentLine6" inherits="WebDKP_DKPBidLineTemplate" id="6">
        <Anchors>
          <Anchor point="TOPLEFT" relativePoint="BOTTOMLEFT" relativeTo="$parentLine5"/>
        </Anchors>
      </Frame>
      <Frame name="$parentLine7" inherits="WebDKP_DKPBidLineTemplate" id="7">
        <Anchors>
          <Anchor point="TOPLEFT" relativePoint="BOTTOMLEFT" relativeTo="$parentLine6"/>
        </Anchors>
      </Frame>
      <Frame name="$parentLine8" inherits="WebDKP_DKPBidLineTemplate" id="8">
        <Anchors>
          <Anchor point="TOPLEFT" relativePoint="BOTTOMLEFT" relativeTo="$parentLine7"/>
        </Anchors>
      </Frame>
      <Frame name="$parentLine9" inherits="WebDKP_DKPBidLineTemplate" id="9">
        <Anchors>
          <Anchor point="TOPLEFT" relativePoint="BOTTOMLEFT" relativeTo="$parentLine8"/>
        </Anchors>
      </Frame>
      <Frame name="$parentLine10" inherits="WebDKP_DKPBidLineTemplate" id="10">
        <Anchors>
          <Anchor point="TOPLEFT" relativePoint="BOTTOMLEFT" relativeTo="$parentLine9"/>
        </Anchors>
      </Frame>
      <Frame name="$parentLine11" inherits="WebDKP_DKPBidLineTemplate" id="11">
        <Anchors>
          <Anchor point="TOPLEFT" relativePoint="BOTTOMLEFT" relativeTo="$parentLine10"/>
        </Anchors>
      </Frame>
      <Frame name="$parentLine12" inherits="WebDKP_DKPBidLineTemplate" id="12">
        <Anchors>
          <Anchor point="TOPLEFT" relativePoint="BOTTOMLEFT" relativeTo="$parentLine11"/>
        </Anchors>
      </Frame>
      <Frame name="$parentLine13" inherits="WebDKP_DKPBidLineTemplate" id="13">
        <Anchors>
          <Anchor point="TOPLEFT" relativePoint="BOTTOMLEFT" relativeTo="$parentLine12"/>
        </Anchors>
      </Frame>



      <!-- Close Button -->
      <Button name="$parentCloseButton" hidden="false">
        <Size>
          <AbsDimension x="42" y="42"/>
        </Size>
        <Anchors>
          <Anchor point="TOPRIGHT">
            <Offset>
              <AbsDimension x="-5" y="-5"/>
            </Offset>
          </Anchor>
        </Anchors>
        <Scripts>
          <OnClick>
            HideUIPanel(this:GetParent());
          </OnClick>
        </Scripts>
        <NormalTexture file="Interface\Buttons\UI-Panel-MinimizeButton-Up"/>
        <PushedTexture file="Interface\Buttons\UI-Panel-MinimizeButton-Down"/>
        <HighlightTexture file="Interface\Buttons\UI-Panel-MinimizeButton-Highlight" alphaMode="ADD"/>
      </Button>

      <Button name="$parentAward" inherits="OptionsButtonTemplate" text="Award Item To Player">
        <Anchors>
          <Anchor point="BOTTOM" relativePoint="BOTTOM" relativeTo="$parent">
            <Offset>
              <AbsDimension x="-8" y="20"/>
            </Offset>
          </Anchor>
        </Anchors>
        <Size>
          <AbsDimension x="150" y="25"/>
        </Size>
        <Scripts>
          <OnClick>
            WebDKP_Bid_AwardSelected();
          </OnClick>
        </Scripts>
      </Button>
      
      
    </Frames>
  </Frame>

  <!-- ================================================
       UPDATE / TIMER FRAME
       =================================================-->
  <Frame name="WebDKP_Bid_UpdateFrame" toplevel="true" parent="UIParent" hidden="true">
    <Scripts>
      <OnLoad>this.TimeSinceLastUpdate = 0 </OnLoad>
      <OnUpdate>WebDKP_Bid_OnUpdate(arg1);</OnUpdate>
    </Scripts>
  </Frame>



  <!-- ================================================
       BID CONFIRM FRAME
       =================================================-->
  <Frame name="WebDKP_BidConfirmFrame" toplevel="true" parent="UIParent" movable="true" hidden="true">
    <!-- EVENT HANDLERS FOR THE MASTER FRAME -->
    <Scripts>
      <OnMouseDown>
        this:StartMoving();
      </OnMouseDown>
      <OnMouseUp>
        this:StopMovingOrSizing();
      </OnMouseUp>
    </Scripts>
    <Size>
      <AbsDimension x="600" y="125"/>
    </Size>
    <Anchors>
      <Anchor point="LEFT"/>
    </Anchors>
    <Backdrop bgFile="Interface\TutorialFrame\TutorialFrameBackground" edgeFile="Interface\DialogFrame\UI-DialogBox-Border" tile="true">
      <EdgeSize>
        <AbsValue val="16"/>
      </EdgeSize>
      <TileSize>
        <AbsValue val="16"/>
      </TileSize>
      <BackgroundInsets>
        <AbsInset left="5" right="5" top="5" bottom="5"/>
      </BackgroundInsets>
    </Backdrop>

    <!-- HEADER / ADDON TITLE-->
    <Layers>
      <Layer level="ARTWORK">
        <FontString name="$parentTitle" inherits="GameFontNormal" text="main text goes here">
          <Anchors>
            <Anchor point="TOP">
              <Offset>
                <AbsDimension x="0" y="-14"/>
              </Offset>
            </Anchor>
          </Anchors>
        </FontString>
      </Layer>
    </Layers>
    <!-- FRAMES (contains all gui elements -->
    <Frames>
      <EditBox name="$parentCost" inherits="WebDKPEditBoxTemplate" >
        <Size>
          <AbsDimension x="70" y="32"></AbsDimension>
        </Size>
        <Anchors>
          <Anchor point="TOP" relativeTo="$parentTitle" relativePoint="BOTTOM">
            <Offset>
              <AbsDimension x="0" y="-10" />
            </Offset>
          </Anchor>
        </Anchors>
        <Layers>
          <Layer level="OVERLAY">
            <FontString inherits="GameFontNormal" text="DKP:">
              <Anchors>
                <Anchor point="LEFT">
                  <Offset>
                    <AbsDimension x="-60" y="2"/>
                  </Offset>
                </Anchor>
              </Anchors>
            </FontString>
          </Layer>
        </Layers>
        <Scripts>
          <OnLoad>
            getglobal(this:GetParent():GetName().."Cost"):SetAutoFocus( false );
          </OnLoad>
        </Scripts>
      </EditBox>
      <Button name="$parentYes" inherits="OptionsButtonTemplate" text="Yes">
        <Anchors>
          <Anchor point="TOPRIGHT" relativePoint="BOTTOM" relativeTo="$parentCost">
            <Offset>
              <AbsDimension x="-5" y="-10"/>
            </Offset>
          </Anchor>
        </Anchors>
        <Size>
          <AbsDimension x="75" y="25"/>
        </Size>
        <Scripts>
          <OnClick>
            local cost = getglobal(this:GetParent():GetName().."Cost"):GetText();
            if(cost == nil) then
            cost = 0;
            end
            WebDKP_Bid_AwardPerson(cost);
            WebDKP_BidConfirmFrame:Hide();
          </OnClick>
        </Scripts>
      </Button>
      <Button name="$parentNo" inherits="OptionsButtonTemplate" text="No">
        <Anchors>
          <Anchor point="TOPLEFT" relativePoint="BOTTOM" relativeTo="$parentCost">
            <Offset>
              <AbsDimension x="5" y="-10"/>
            </Offset>
          </Anchor>
        </Anchors>
        <Size>
          <AbsDimension x="75" y="25"/>
        </Size>
        <Scripts>
          <OnClick>
            PlaySound("igMainMenuClose");
            WebDKP_BidConfirmFrame:Hide();
          </OnClick>
        </Scripts>
      </Button>
    </Frames>
  </Frame>
  
</Ui>